{
    "Response": {
        "daatAnd": {
            "from an epidemic to a pandemic": {
                "num_comparisons": 934,
                "num_docs": 5,
                "results": [
                    20899,
                    105351,
                    113525,
                    140299,
                    148720
                ]
            },
            "is hydroxychloroquine effective?": {
                "num_comparisons": 316,
                "num_docs": 1,
                "results": [
                    108023
                ]
            },
            "the novel coronavirus": {
                "num_comparisons": 1212,
                "num_docs": 81,
                "results": [
                    712,
                    2974,
                    4883,
                    5000,
                    5730,
                    9361,
                    10681,
                    12121,
                    12451,
                    13414,
                    13815,
                    14719,
                    18920,
                    19309,
                    20722,
                    22453,
                    22937,
                    25546,
                    26775,
                    28575,
                    29882,
                    30230,
                    34840,
                    35551,
                    35631,
                    38604,
                    39420,
                    39559,
                    39615,
                    44588,
                    45285,
                    48390,
                    50505,
                    51884,
                    51946,
                    55093,
                    58401,
                    60434,
                    64829,
                    65840,
                    67053,
                    69375,
                    69512,
                    71739,
                    73391,
                    75537,
                    80471,
                    80720,
                    81760,
                    86778,
                    87540,
                    89559,
                    89636,
                    92880,
                    93266,
                    95654,
                    102809,
                    103008,
                    104478,
                    104916,
                    106212,
                    108005,
                    108511,
                    108700,
                    109189,
                    112313,
                    112887,
                    113427,
                    117467,
                    120521,
                    120813,
                    125719,
                    125740,
                    133784,
                    137094,
                    138195,
                    144213,
                    150333,
                    152049,
                    152755,
                    155489
                ]
            }
        },
        "daatAndSkip": {
            "from an epidemic to a pandemic": {
                "num_comparisons": 60,
                "num_docs": 0,
                "results": []
            },
            "is hydroxychloroquine effective?": {
                "num_comparisons": 34,
                "num_docs": 0,
                "results": []
            },
            "the novel coronavirus": {
                "num_comparisons": 70,
                "num_docs": 1,
                "results": [
                    22453
                ]
            }
        },
        "daatAndSkipTfIdf": {
            "from an epidemic to a pandemic": {
                "num_comparisons": 60,
                "num_docs": 0,
                "results": []
            },
            "is hydroxychloroquine effective?": {
                "num_comparisons": 34,
                "num_docs": 0,
                "results": []
            },
            "the novel coronavirus": {
                "num_comparisons": 68,
                "num_docs": 1,
                "results": [
                    22453
                ]
            }
        },
        "daatAndTfIdf": {
            "from an epidemic to a pandemic": {
                "num_comparisons": 924,
                "num_docs": 5,
                "results": [
                    105351,
                    113525,
                    140299,
                    148720,
                    20899
                ]
            },
            "is hydroxychloroquine effective?": {
                "num_comparisons": 314,
                "num_docs": 1,
                "results": [
                    108023
                ]
            },
            "the novel coronavirus": {
                "num_comparisons": 1050,
                "num_docs": 81,
                "results": [
                    13414,
                    87540,
                    152755,
                    69375,
                    2974,
                    109189,
                    12121,
                    30230,
                    81760,
                    137094,
                    39420,
                    50505,
                    58401,
                    89559,
                    92880,
                    117467,
                    45285,
                    25546,
                    29882,
                    35551,
                    39559,
                    48390,
                    51946,
                    55093,
                    106212,
                    120521,
                    125719,
                    19309,
                    20722,
                    65840,
                    73391,
                    95654,
                    102809,
                    125740,
                    138195,
                    155489,
                    712,
                    5000,
                    35631,
                    38604,
                    69512,
                    80720,
                    93266,
                    103008,
                    108700,
                    133784,
                    5730,
                    9361,
                    10681,
                    12451,
                    22453,
                    51884,
                    60434,
                    71739,
                    75537,
                    80471,
                    86778,
                    108005,
                    112313,
                    112887,
                    144213,
                    39615,
                    4883,
                    26775,
                    64829,
                    67053,
                    120813,
                    28575,
                    104478,
                    113427,
                    14719,
                    104916,
                    150333,
                    152049,
                    13815,
                    34840,
                    89636,
                    22937,
                    44588,
                    108511,
                    18920
                ]
            }
        },
        "postingsList": {
            "coronaviru": [
                11,
                310,
                712,
                904,
                1114,
                1622,
                1737,
                1986,
                2307,
                2757,
                2908,
                2974,
                2994,
                3505,
                3577,
                4460,
                4753,
                4787,
                4883,
                5000,
                5343,
                5730,
                5865,
                6480,
                6485,
                7306,
                8030,
                8044,
                8359,
                9341,
                9361,
                9633,
                9677,
                10211,
                10643,
                10654,
                10681,
                10787,
                12121,
                12368,
                12451,
                12772,
                12855,
                13414,
                13815,
                14719,
                14720,
                14856,
                15071,
                15667,
                16472,
                16688,
                18078,
                18088,
                18735,
                18920,
                19012,
                19309,
                20042,
                20722,
                21583,
                21714,
                21733,
                22327,
                22453,
                22929,
                22937,
                23167,
                23709,
                25377,
                25546,
                26142,
                26586,
                26775,
                26897,
                27071,
                27162,
                27213,
                27434,
                27943,
                28403,
                28575,
                28727,
                28728,
                28822,
                29882,
                30230,
                30467,
                30634,
                30811,
                31186,
                31254,
                31534,
                31947,
                32942,
                33052,
                33054,
                33218,
                33293,
                33326,
                33506,
                33542,
                33602,
                34665,
                34840,
                34984,
                35551,
                35631,
                35726,
                36150,
                37972,
                38006,
                38468,
                38604,
                39420,
                39559,
                39615,
                40000,
                40024,
                40174,
                40443,
                40820,
                41252,
                41530,
                41959,
                41968,
                42709,
                42788,
                43214,
                44198,
                44588,
                44811,
                45102,
                45285,
                46215,
                47803,
                48050,
                48390,
                48435,
                48515,
                49042,
                49317,
                50056,
                50187,
                50505,
                50689,
                50950,
                51589,
                51871,
                51884,
                51946,
                52163,
                52206,
                52539,
                53092,
                53573,
                53743,
                54038,
                54550,
                55093,
                55188,
                55592,
                56452,
                56808,
                57400,
                58401,
                58709,
                59219,
                59516,
                60434,
                60959,
                61117,
                61388,
                61480,
                62264,
                62410,
                62709,
                62822,
                62832,
                63329,
                63506,
                63593,
                63625,
                64040,
                64226,
                64829,
                64872,
                65840,
                66066,
                66255,
                67036,
                67053,
                67198,
                69375,
                69512,
                70268,
                70587,
                70777,
                71033,
                71739,
                71885,
                72079,
                72550,
                72553,
                72927,
                73152,
                73391,
                73521,
                73773,
                74246,
                74499,
                75139,
                75381,
                75537,
                75949,
                76250,
                76341,
                76568,
                77823,
                78150,
                78416,
                78611,
                78845,
                79176,
                79561,
                80156,
                80388,
                80471,
                80572,
                80665,
                80720,
                81735,
                81760,
                82222,
                83031,
                83559,
                83715,
                84029,
                84513,
                85081,
                85190,
                85576,
                86406,
                86778,
                86800,
                87540,
                88272,
                89559,
                89636,
                90092,
                90514,
                90923,
                90997,
                91303,
                91685,
                91800,
                91967,
                92410,
                92424,
                92722,
                92773,
                92880,
                93184,
                93266,
                93573,
                93904,
                94571,
                94625,
                95654,
                95916,
                96169,
                96170,
                96428,
                97072,
                97525,
                97629,
                98021,
                98694,
                98829,
                99076,
                99988,
                100186,
                100686,
                101095,
                101424,
                101805,
                102727,
                102809,
                103008,
                103746,
                104003,
                104010,
                104256,
                104478,
                104916,
                105005,
                105204,
                105351,
                105487,
                105662,
                105994,
                106212,
                106309,
                106504,
                106517,
                106537,
                107999,
                108005,
                108511,
                108700,
                109189,
                109262,
                109828,
                109841,
                110727,
                112313,
                112887,
                113427,
                114030,
                114036,
                114139,
                115123,
                115301,
                115388,
                116453,
                116858,
                117073,
                117141,
                117445,
                117467,
                117776,
                118738,
                119322,
                119411,
                119542,
                119793,
                120276,
                120350,
                120521,
                120702,
                120813,
                120864,
                121355,
                121591,
                121660,
                121803,
                122536,
                122668,
                123010,
                123181,
                123219,
                123298,
                123412,
                123655,
                124118,
                124379,
                124769,
                125719,
                125740,
                125805,
                126139,
                126464,
                126553,
                126778,
                126798,
                127848,
                128492,
                129053,
                129442,
                129528,
                129783,
                130235,
                130482,
                131160,
                131245,
                131405,
                132742,
                133084,
                133306,
                133784,
                134105,
                134211,
                134952,
                135073,
                135233,
                135363,
                135426,
                135964,
                136115,
                136194,
                137094,
                137805,
                138195,
                138916,
                138931,
                139420,
                139858,
                140299,
                140471,
                141523,
                141676,
                141679,
                141972,
                142015,
                142772,
                143599,
                143862,
                143875,
                144004,
                144213,
                144243,
                144511,
                144521,
                144826,
                145233,
                146700,
                146704,
                147709,
                147842,
                148088,
                148263,
                148458,
                148513,
                148615,
                149373,
                149436,
                149554,
                149686,
                150333,
                150415,
                151836,
                151991,
                152044,
                152049,
                152651,
                152755,
                152913,
                153303,
                153437,
                153802,
                154085,
                154480,
                154544,
                154674,
                154739,
                155489,
                155936,
                156205,
                156376,
                156848
            ],
            "effect": [
                1003,
                2527,
                2757,
                5389,
                5462,
                7978,
                8964,
                9764,
                10098,
                11185,
                12121,
                12365,
                12409,
                12791,
                14023,
                15373,
                15975,
                17034,
                17909,
                18204,
                19241,
                22605,
                23752,
                25377,
                25846,
                27003,
                28341,
                29227,
                31975,
                32122,
                32154,
                32158,
                32576,
                32626,
                33148,
                34271,
                34580,
                35760,
                35919,
                36040,
                37972,
                41400,
                41530,
                41699,
                42516,
                46657,
                47377,
                47412,
                47946,
                47992,
                48478,
                48628,
                49266,
                50182,
                52353,
                53651,
                53804,
                57860,
                58079,
                61068,
                63621,
                67525,
                67746,
                70093,
                70275,
                70477,
                73871,
                75222,
                76948,
                77905,
                78207,
                78413,
                79521,
                79595,
                81257,
                81905,
                82304,
                82431,
                82915,
                84029,
                84830,
                85030,
                86406,
                88525,
                89017,
                89025,
                89542,
                93719,
                94506,
                95308,
                95638,
                98943,
                99216,
                101221,
                102494,
                102797,
                103055,
                106375,
                106884,
                106891,
                108023,
                108390,
                108704,
                108705,
                109042,
                109322,
                110294,
                110735,
                111669,
                112662,
                112808,
                112914,
                113120,
                113179,
                113975,
                115104,
                116291,
                123854,
                125209,
                125351,
                125752,
                127282,
                128222,
                131655,
                131716,
                132110,
                133134,
                133501,
                133618,
                133665,
                133916,
                135401,
                138092,
                138204,
                141087,
                142274,
                142306,
                143599,
                143943,
                144826,
                145314,
                147895,
                151358,
                151621,
                152079,
                152394,
                152660,
                153300,
                153794,
                154040,
                154242,
                156605,
                156924
            ],
            "epidem": [
                1167,
                1422,
                3389,
                4290,
                4922,
                8248,
                8359,
                8719,
                10681,
                12263,
                17034,
                17366,
                19197,
                20899,
                22937,
                23652,
                23752,
                26331,
                26815,
                29999,
                30960,
                34984,
                35232,
                39247,
                45128,
                45285,
                47324,
                51093,
                51989,
                53092,
                54879,
                65983,
                69512,
                71030,
                72550,
                77387,
                78334,
                79682,
                83969,
                84302,
                84507,
                84983,
                85453,
                86778,
                87420,
                89746,
                89777,
                89918,
                90279,
                92880,
                93326,
                93699,
                94876,
                95586,
                96599,
                98179,
                100023,
                100160,
                103008,
                103746,
                103978,
                104131,
                105351,
                106472,
                108310,
                111618,
                113525,
                114030,
                114036,
                114062,
                116298,
                116858,
                116998,
                120643,
                120813,
                122438,
                123399,
                124995,
                125378,
                126584,
                127415,
                129030,
                129109,
                134011,
                135586,
                136334,
                138354,
                140297,
                140299,
                147709,
                148720,
                148868,
                149148,
                149865,
                151991,
                152729,
                155337,
                157101
            ],
            "hydroxychloroquin": [
                7436,
                33769,
                42889,
                75268,
                81851,
                83443,
                93573,
                103129,
                103198,
                108023,
                119175,
                122713,
                138916,
                147101,
                147578,
                150821
            ],
            "novel": [
                712,
                1974,
                2974,
                3715,
                4883,
                5000,
                5457,
                5730,
                9361,
                9754,
                10681,
                12121,
                12437,
                12451,
                12665,
                13414,
                13815,
                14249,
                14719,
                16287,
                16612,
                18920,
                19309,
                20722,
                21390,
                22453,
                22937,
                23020,
                23125,
                24376,
                24992,
                25546,
                26316,
                26775,
                26845,
                28575,
                29882,
                30230,
                33421,
                33439,
                34590,
                34614,
                34840,
                34918,
                35287,
                35551,
                35631,
                38604,
                39065,
                39302,
                39420,
                39492,
                39559,
                39615,
                40334,
                44588,
                45285,
                48390,
                49607,
                50505,
                51884,
                51946,
                55093,
                57828,
                57900,
                58401,
                59449,
                59484,
                60283,
                60434,
                61787,
                62071,
                63025,
                64829,
                65077,
                65840,
                66250,
                67053,
                69375,
                69512,
                71739,
                73391,
                73506,
                75537,
                75961,
                79018,
                79302,
                80471,
                80720,
                81760,
                83227,
                83987,
                84792,
                85572,
                86778,
                87281,
                87540,
                89559,
                89636,
                90690,
                92880,
                92949,
                93266,
                95654,
                97973,
                98209,
                99237,
                99457,
                100300,
                102809,
                103008,
                104095,
                104478,
                104492,
                104827,
                104916,
                106212,
                108005,
                108511,
                108700,
                108895,
                109189,
                112313,
                112887,
                113322,
                113427,
                115692,
                117408,
                117467,
                118884,
                120521,
                120813,
                121230,
                125719,
                125740,
                125864,
                126031,
                133134,
                133650,
                133784,
                135378,
                135998,
                137094,
                137116,
                138195,
                141374,
                142556,
                142755,
                144213,
                144536,
                144703,
                146441,
                148754,
                150333,
                152049,
                152755,
                154786,
                155489,
                156135
            ],
            "pandem": [
                699,
                1068,
                1088,
                1374,
                1450,
                1458,
                2304,
                2368,
                2892,
                2908,
                4578,
                4643,
                4672,
                4824,
                5917,
                6055,
                6129,
                6902,
                7436,
                7957,
                8139,
                8849,
                9864,
                10285,
                10385,
                10640,
                10654,
                10719,
                12161,
                12319,
                12421,
                14856,
                15315,
                15555,
                16831,
                16998,
                17608,
                18121,
                19204,
                19264,
                19276,
                19484,
                20002,
                20401,
                20734,
                20899,
                21568,
                21746,
                22449,
                23066,
                23108,
                23320,
                23709,
                24196,
                24835,
                24836,
                25386,
                25546,
                25554,
                26266,
                26653,
                26895,
                26998,
                27047,
                27162,
                27177,
                27246,
                27612,
                29714,
                29937,
                30755,
                31168,
                32011,
                33052,
                33120,
                33645,
                33662,
                34665,
                35195,
                35726,
                36342,
                36351,
                37625,
                39052,
                39171,
                39492,
                39494,
                39559,
                39921,
                40226,
                40415,
                41673,
                41769,
                42142,
                42317,
                42717,
                42854,
                43795,
                44405,
                44617,
                44730,
                44811,
                45003,
                45102,
                46393,
                46671,
                46785,
                49870,
                50482,
                51019,
                51101,
                52295,
                52419,
                52536,
                53012,
                53247,
                53275,
                53321,
                53470,
                54684,
                54699,
                54706,
                55234,
                56097,
                56452,
                56808,
                56825,
                56863,
                57318,
                59332,
                59516,
                59683,
                59810,
                60002,
                60434,
                60711,
                60959,
                61096,
                61876,
                62225,
                62410,
                62529,
                62689,
                62841,
                62848,
                63127,
                63237,
                63400,
                63449,
                63563,
                64562,
                64658,
                65029,
                65306,
                66255,
                66332,
                66591,
                66670,
                67131,
                67656,
                68703,
                69329,
                70576,
                70741,
                71024,
                71520,
                71885,
                72719,
                73773,
                75381,
                75570,
                75591,
                75725,
                75961,
                76143,
                76245,
                76250,
                76550,
                77164,
                77785,
                78052,
                78214,
                78377,
                78845,
                79074,
                80156,
                80653,
                80907,
                81497,
                81669,
                82168,
                82335,
                82984,
                83062,
                83074,
                83104,
                83337,
                83564,
                84124,
                84576,
                84605,
                84632,
                84718,
                84762,
                84792,
                85077,
                85124,
                85572,
                85970,
                86293,
                86315,
                86609,
                87418,
                87622,
                87893,
                89224,
                90671,
                90935,
                91305,
                91662,
                93036,
                93091,
                93370,
                93654,
                93837,
                94257,
                95879,
                96450,
                96563,
                97177,
                98800,
                99076,
                99615,
                99936,
                100206,
                100298,
                100547,
                101502,
                101761,
                101771,
                102056,
                102797,
                103198,
                103747,
                104250,
                104358,
                104435,
                105062,
                105351,
                105588,
                106918,
                107461,
                108525,
                108849,
                109349,
                109841,
                110048,
                111270,
                112175,
                112326,
                113109,
                113237,
                113525,
                113628,
                113975,
                114323,
                114335,
                115123,
                115388,
                116866,
                117073,
                117220,
                117560,
                117765,
                119002,
                119372,
                119627,
                119706,
                119711,
                121148,
                121187,
                122713,
                122859,
                124568,
                124769,
                125489,
                126373,
                126734,
                126798,
                127597,
                127801,
                128222,
                128687,
                129046,
                129230,
                129441,
                129444,
                129520,
                129946,
                130105,
                130228,
                130369,
                131095,
                131153,
                131542,
                132386,
                134426,
                134643,
                135401,
                135692,
                135998,
                136948,
                138042,
                138720,
                138814,
                139074,
                139111,
                139156,
                139258,
                139393,
                139577,
                140087,
                140299,
                140735,
                141817,
                142318,
                142556,
                142972,
                143547,
                144243,
                144632,
                145043,
                145205,
                145226,
                146706,
                147322,
                147334,
                147842,
                147854,
                148111,
                148234,
                148548,
                148644,
                148720,
                148787,
                148933,
                149131,
                149436,
                149632,
                149887,
                149958,
                149990,
                150707,
                150716,
                150825,
                150865,
                151295,
                151734,
                151987,
                152049,
                152254,
                152880,
                153310,
                153510,
                154941,
                155109,
                155178,
                155390,
                156418,
                156700
            ]
        },
        "postingsListSkip": {
            "coronaviru": [
                11,
                5865,
                13414,
                22453,
                29882,
                35551,
                42788,
                51871,
                60434,
                67036,
                75139,
                81760,
                91303,
                97525,
                105005,
                112887,
                120350,
                125740,
                133784,
                141676,
                148458,
                154544
            ],
            "effect": [
                1003,
                12791,
                27003,
                35760,
                47992,
                67525,
                79595,
                89025,
                106375,
                112662,
                127282,
                138204,
                152394
            ],
            "epidem": [
                1167,
                17034,
                29999,
                51989,
                79682,
                89777,
                98179,
                108310,
                120643,
                129109,
                148868
            ],
            "hydroxychloroquin": [
                7436,
                81851,
                103129,
                119175,
                147101
            ],
            "novel": [
                712,
                12451,
                22453,
                30230,
                39302,
                51946,
                64829,
                79018,
                89559,
                102809,
                109189,
                125719,
                141374,
                155489
            ],
            "pandem": [
                699,
                8139,
                19264,
                25554,
                34665,
                42854,
                53247,
                60434,
                65306,
                75725,
                82335,
                86315,
                97177,
                105351,
                115123,
                126373,
                132386,
                141817,
                148720,
                153310
            ]
        },
        "sanity": {
            "command_result": "",
            "index_type": "<class 'collections.OrderedDict'>",
            "indexer_type": "<class 'indexer.Indexer'>",
            "node_mem": "<linkedlist.Node object at 0x7fca3d6ec490>",
            "node_type": "<class 'linkedlist.Node'>",
            "node_value": "(104435, 1, 15, 83.33333333333333)",
            "post_mem": "<linkedlist.LinkedList object at 0x7fca3d6ec220>",
            "post_type": "<class 'linkedlist.LinkedList'>"
        }
    },
    "time_taken": "0.021443843841552734",
    "username_hash": "feda6541c4b0ee90dfc30636f2177a2d"
}